file,line,type,commit,author,date,time,timezone,datetime,depth,length
static\style.css,1,css,5471ffa3,ALESSANDRA BELLÓ SOARES,2025-03-20,12:40:11,-03:00,2025-03-20T12:40:11-03:00,0,6
static\style.css,2,css,5471ffa3,ALESSANDRA BELLÓ SOARES,2025-03-20,12:40:11,-03:00,2025-03-20T12:40:11-03:00,0,32
static\style.css,3,css,5471ffa3,ALESSANDRA BELLÓ SOARES,2025-03-20,12:40:11,-03:00,2025-03-20T12:40:11-03:00,0,32
static\style.css,4,css,5471ffa3,ALESSANDRA BELLÓ SOARES,2025-03-20,12:40:11,-03:00,2025-03-20T12:40:11-03:00,1,33
static\style.css,5,css,5471ffa3,ALESSANDRA BELLÓ SOARES,2025-03-20,12:40:11,-03:00,2025-03-20T12:40:11-03:00,1,48
static\style.css,6,css,5471ffa3,ALESSANDRA BELLÓ SOARES,2025-03-20,12:40:11,-03:00,2025-03-20T12:40:11-03:00,0,0
static\style.css,7,css,5471ffa3,ALESSANDRA BELLÓ SOARES,2025-03-20,12:40:11,-03:00,2025-03-20T12:40:11-03:00,0,0
static\style.css,8,css,5471ffa3,ALESSANDRA BELLÓ SOARES,2025-03-20,12:40:11,-03:00,2025-03-20T12:40:11-03:00,0,5
static\style.css,9,css,5471ffa3,ALESSANDRA BELLÓ SOARES,2025-03-20,12:40:11,-03:00,2025-03-20T12:40:11-03:00,0,44
static\style.css,10,css,5471ffa3,ALESSANDRA BELLÓ SOARES,2025-03-20,12:40:11,-03:00,2025-03-20T12:40:11-03:00,0,43
static\style.css,11,css,5471ffa3,ALESSANDRA BELLÓ SOARES,2025-03-20,12:40:11,-03:00,2025-03-20T12:40:11-03:00,0,1
static\style.css,12,css,5471ffa3,ALESSANDRA BELLÓ SOARES,2025-03-20,12:40:11,-03:00,2025-03-20T12:40:11-03:00,0,24
static\style.css,13,css,5471ffa3,ALESSANDRA BELLÓ SOARES,2025-03-20,12:40:11,-03:00,2025-03-20T12:40:11-03:00,0,16
static\style.css,14,css,5471ffa3,ALESSANDRA BELLÓ SOARES,2025-03-20,12:40:11,-03:00,2025-03-20T12:40:11-03:00,0,19
static\style.css,15,css,5471ffa3,ALESSANDRA BELLÓ SOARES,2025-03-20,12:40:11,-03:00,2025-03-20T12:40:11-03:00,0,12
static\style.css,16,css,5471ffa3,ALESSANDRA BELLÓ SOARES,2025-03-20,12:40:11,-03:00,2025-03-20T12:40:11-03:00,0,0
static\style.css,17,css,5471ffa3,ALESSANDRA BELLÓ SOARES,2025-03-20,12:40:11,-03:00,2025-03-20T12:40:11-03:00,0,0
static\style.css,18,css,5471ffa3,ALESSANDRA BELLÓ SOARES,2025-03-20,12:40:11,-03:00,2025-03-20T12:40:11-03:00,0,6
static\style.css,19,css,5471ffa3,ALESSANDRA BELLÓ SOARES,2025-03-20,12:40:11,-03:00,2025-03-20T12:40:11-03:00,0,7
static\style.css,20,css,5471ffa3,ALESSANDRA BELLÓ SOARES,2025-03-20,12:40:11,-03:00,2025-03-20T12:40:11-03:00,0,32
static\style.css,21,css,5471ffa3,ALESSANDRA BELLÓ SOARES,2025-03-20,12:40:11,-03:00,2025-03-20T12:40:11-03:00,0,0
static\style.css,22,css,5471ffa3,ALESSANDRA BELLÓ SOARES,2025-03-20,12:40:11,-03:00,2025-03-20T12:40:11-03:00,0,0
static\style.css,23,css,5471ffa3,ALESSANDRA BELLÓ SOARES,2025-03-20,12:40:11,-03:00,2025-03-20T12:40:11-03:00,0,4
static\style.css,24,css,5471ffa3,ALESSANDRA BELLÓ SOARES,2025-03-20,12:40:11,-03:00,2025-03-20T12:40:11-03:00,0,13
static\style.css,25,css,5471ffa3,ALESSANDRA BELLÓ SOARES,2025-03-20,12:40:11,-03:00,2025-03-20T12:40:11-03:00,0,38
static\style.css,26,css,5471ffa3,ALESSANDRA BELLÓ SOARES,2025-03-20,12:40:11,-03:00,2025-03-20T12:40:11-03:00,0,24
static\style.css,27,css,5471ffa3,ALESSANDRA BELLÓ SOARES,2025-03-20,12:40:11,-03:00,2025-03-20T12:40:11-03:00,0,26
static\style.css,28,css,5471ffa3,ALESSANDRA BELLÓ SOARES,2025-03-20,12:40:11,-03:00,2025-03-20T12:40:11-03:00,0,38
static\style.css,29,css,5471ffa3,ALESSANDRA BELLÓ SOARES,2025-03-20,12:40:11,-03:00,2025-03-20T12:40:11-03:00,0,0
static\style.css,30,css,5471ffa3,ALESSANDRA BELLÓ SOARES,2025-03-20,12:40:11,-03:00,2025-03-20T12:40:11-03:00,0,0
static\style.css,31,css,5471ffa3,ALESSANDRA BELLÓ SOARES,2025-03-20,12:40:11,-03:00,2025-03-20T12:40:11-03:00,0,6
static\style.css,32,css,5471ffa3,ALESSANDRA BELLÓ SOARES,2025-03-20,12:40:11,-03:00,2025-03-20T12:40:11-03:00,0,7
static\style.css,33,css,5471ffa3,ALESSANDRA BELLÓ SOARES,2025-03-20,12:40:11,-03:00,2025-03-20T12:40:11-03:00,0,21
static\style.css,34,css,5471ffa3,ALESSANDRA BELLÓ SOARES,2025-03-20,12:40:11,-03:00,2025-03-20T12:40:11-03:00,0,14
static\style.css,35,css,5471ffa3,ALESSANDRA BELLÓ SOARES,2025-03-20,12:40:11,-03:00,2025-03-20T12:40:11-03:00,0,18
static\style.css,36,css,5471ffa3,ALESSANDRA BELLÓ SOARES,2025-03-20,12:40:11,-03:00,2025-03-20T12:40:11-03:00,0,14
static\style.css,37,css,5471ffa3,ALESSANDRA BELLÓ SOARES,2025-03-20,12:40:11,-03:00,2025-03-20T12:40:11-03:00,0,0
static\style.css,38,css,5471ffa3,ALESSANDRA BELLÓ SOARES,2025-03-20,12:40:11,-03:00,2025-03-20T12:40:11-03:00,0,0
static\style.css,39,css,5471ffa3,ALESSANDRA BELLÓ SOARES,2025-03-20,12:40:11,-03:00,2025-03-20T12:40:11-03:00,0,14
static\style.css,40,css,5471ffa3,ALESSANDRA BELLÓ SOARES,2025-03-20,12:40:11,-03:00,2025-03-20T12:40:11-03:00,0,26
static\style.css,41,css,5471ffa3,ALESSANDRA BELLÓ SOARES,2025-03-20,12:40:11,-03:00,2025-03-20T12:40:11-03:00,0,26
static\style.css,42,css,5471ffa3,ALESSANDRA BELLÓ SOARES,2025-03-20,12:40:11,-03:00,2025-03-20T12:40:11-03:00,0,38
static\style.css,43,css,5471ffa3,ALESSANDRA BELLÓ SOARES,2025-03-20,12:40:11,-03:00,2025-03-20T12:40:11-03:00,0,21
static\style.css,44,css,5471ffa3,ALESSANDRA BELLÓ SOARES,2025-03-20,12:40:11,-03:00,2025-03-20T12:40:11-03:00,0,17
static\style.css,45,css,5471ffa3,ALESSANDRA BELLÓ SOARES,2025-03-20,12:40:11,-03:00,2025-03-20T12:40:11-03:00,0,0
static\style.css,46,css,5471ffa3,ALESSANDRA BELLÓ SOARES,2025-03-20,12:40:11,-03:00,2025-03-20T12:40:11-03:00,0,0
static\style.css,47,css,5471ffa3,ALESSANDRA BELLÓ SOARES,2025-03-20,12:40:11,-03:00,2025-03-20T12:40:11-03:00,0,11
static\style.css,48,css,5471ffa3,ALESSANDRA BELLÓ SOARES,2025-03-20,12:40:11,-03:00,2025-03-20T12:40:11-03:00,0,26
static\style.css,49,css,5471ffa3,ALESSANDRA BELLÓ SOARES,2025-03-20,12:40:11,-03:00,2025-03-20T12:40:11-03:00,0,26
static\style.css,50,css,5471ffa3,ALESSANDRA BELLÓ SOARES,2025-03-20,12:40:11,-03:00,2025-03-20T12:40:11-03:00,0,41
static\style.css,51,css,5471ffa3,ALESSANDRA BELLÓ SOARES,2025-03-20,12:40:11,-03:00,2025-03-20T12:40:11-03:00,0,21
static\style.css,52,css,5471ffa3,ALESSANDRA BELLÓ SOARES,2025-03-20,12:40:11,-03:00,2025-03-20T12:40:11-03:00,0,58
static\style.css,53,css,5471ffa3,ALESSANDRA BELLÓ SOARES,2025-03-20,12:40:11,-03:00,2025-03-20T12:40:11-03:00,0,0
static\style.css,54,css,5471ffa3,ALESSANDRA BELLÓ SOARES,2025-03-20,12:40:11,-03:00,2025-03-20T12:40:11-03:00,0,0
static\style.css,55,css,625c32ff,ALESSANDRA BELLÓ SOARES,2025-03-27,12:28:52,-03:00,2025-03-27T12:28:52-03:00,0,13
static\style.css,56,css,625c32ff,ALESSANDRA BELLÓ SOARES,2025-03-27,12:28:52,-03:00,2025-03-27T12:28:52-03:00,1,17
static\style.css,57,css,625c32ff,ALESSANDRA BELLÓ SOARES,2025-03-27,12:28:52,-03:00,2025-03-27T12:28:52-03:00,1,9
static\style.css,58,css,625c32ff,ALESSANDRA BELLÓ SOARES,2025-03-27,12:28:52,-03:00,2025-03-27T12:28:52-03:00,1,11
static\style.css,59,css,625c32ff,ALESSANDRA BELLÓ SOARES,2025-03-27,12:28:52,-03:00,2025-03-27T12:28:52-03:00,1,20
static\style.css,60,css,625c32ff,ALESSANDRA BELLÓ SOARES,2025-03-27,12:28:52,-03:00,2025-03-27T12:28:52-03:00,1,8
static\style.css,61,css,625c32ff,ALESSANDRA BELLÓ SOARES,2025-03-27,12:28:52,-03:00,2025-03-27T12:28:52-03:00,0,0
static\style.css,62,css,625c32ff,ALESSANDRA BELLÓ SOARES,2025-03-27,12:28:52,-03:00,2025-03-27T12:28:52-03:00,0,0
static\style.css,63,css,5471ffa3,ALESSANDRA BELLÓ SOARES,2025-03-20,12:40:11,-03:00,2025-03-20T12:40:11-03:00,0,22
static\style.css,64,css,5471ffa3,ALESSANDRA BELLÓ SOARES,2025-03-20,12:40:11,-03:00,2025-03-20T12:40:11-03:00,0,48
static\style.css,65,css,5471ffa3,ALESSANDRA BELLÓ SOARES,2025-03-20,12:40:11,-03:00,2025-03-20T12:40:11-03:00,0,0
static\style.css,66,css,5471ffa3,ALESSANDRA BELLÓ SOARES,2025-03-20,12:40:11,-03:00,2025-03-20T12:40:11-03:00,0,0
static\style.css,67,css,5471ffa3,ALESSANDRA BELLÓ SOARES,2025-03-20,12:40:11,-03:00,2025-03-20T12:40:11-03:00,0,25
static\style.css,68,css,5471ffa3,ALESSANDRA BELLÓ SOARES,2025-03-20,12:40:11,-03:00,2025-03-20T12:40:11-03:00,0,13
static\style.css,69,css,5471ffa3,ALESSANDRA BELLÓ SOARES,2025-03-20,12:40:11,-03:00,2025-03-20T12:40:11-03:00,0,11
static\style.css,70,css,5471ffa3,ALESSANDRA BELLÓ SOARES,2025-03-20,12:40:11,-03:00,2025-03-20T12:40:11-03:00,0,22
static\style.css,71,css,5471ffa3,ALESSANDRA BELLÓ SOARES,2025-03-20,12:40:11,-03:00,2025-03-20T12:40:11-03:00,0,0
static\style.css,72,css,5471ffa3,ALESSANDRA BELLÓ SOARES,2025-03-20,12:40:11,-03:00,2025-03-20T12:40:11-03:00,0,0
static\style.css,73,css,5471ffa3,ALESSANDRA BELLÓ SOARES,2025-03-20,12:40:11,-03:00,2025-03-20T12:40:11-03:00,0,31
static\style.css,74,css,5471ffa3,ALESSANDRA BELLÓ SOARES,2025-03-20,12:40:11,-03:00,2025-03-20T12:40:11-03:00,0,14
static\style.css,75,css,5471ffa3,ALESSANDRA BELLÓ SOARES,2025-03-20,12:40:11,-03:00,2025-03-20T12:40:11-03:00,0,0
static\style.css,76,css,5471ffa3,ALESSANDRA BELLÓ SOARES,2025-03-20,12:40:11,-03:00,2025-03-20T12:40:11-03:00,0,30
static\style.css,77,css,5471ffa3,ALESSANDRA BELLÓ SOARES,2025-03-20,12:40:11,-03:00,2025-03-20T12:40:11-03:00,0,0
static\style.css,78,css,5471ffa3,ALESSANDRA BELLÓ SOARES,2025-03-20,12:40:11,-03:00,2025-03-20T12:40:11-03:00,0,5
static\style.css,79,css,5471ffa3,ALESSANDRA BELLÓ SOARES,2025-03-20,12:40:11,-03:00,2025-03-20T12:40:11-03:00,0,13
static\style.css,80,css,5471ffa3,ALESSANDRA BELLÓ SOARES,2025-03-20,12:40:11,-03:00,2025-03-20T12:40:11-03:00,0,31
static\style.css,81,css,5471ffa3,ALESSANDRA BELLÓ SOARES,2025-03-20,12:40:11,-03:00,2025-03-20T12:40:11-03:00,0,8
static\style.css,82,css,5471ffa3,ALESSANDRA BELLÓ SOARES,2025-03-20,12:40:11,-03:00,2025-03-20T12:40:11-03:00,0,0
static\style.css,83,css,5471ffa3,ALESSANDRA BELLÓ SOARES,2025-03-20,12:40:11,-03:00,2025-03-20T12:40:11-03:00,0,11
static\style.css,84,css,5471ffa3,ALESSANDRA BELLÓ SOARES,2025-03-20,12:40:11,-03:00,2025-03-20T12:40:11-03:00,0,13
static\style.css,85,css,5471ffa3,ALESSANDRA BELLÓ SOARES,2025-03-20,12:40:11,-03:00,2025-03-20T12:40:11-03:00,0,30
static\style.css,86,css,5471ffa3,ALESSANDRA BELLÓ SOARES,2025-03-20,12:40:11,-03:00,2025-03-20T12:40:11-03:00,0,0
static\style.css,87,css,5471ffa3,ALESSANDRA BELLÓ SOARES,2025-03-20,12:40:11,-03:00,2025-03-20T12:40:11-03:00,0,14
static\style.css,88,css,5471ffa3,ALESSANDRA BELLÓ SOARES,2025-03-20,12:40:11,-03:00,2025-03-20T12:40:11-03:00,0,19
static\style.css,89,css,5471ffa3,ALESSANDRA BELLÓ SOARES,2025-03-20,12:40:11,-03:00,2025-03-20T12:40:11-03:00,0,0
static\style.css,90,css,5471ffa3,ALESSANDRA BELLÓ SOARES,2025-03-20,12:40:11,-03:00,2025-03-20T12:40:11-03:00,0,0
static\style.css,91,css,5471ffa3,ALESSANDRA BELLÓ SOARES,2025-03-20,12:40:11,-03:00,2025-03-20T12:40:11-03:00,0,3
static\style.css,92,css,5471ffa3,ALESSANDRA BELLÓ SOARES,2025-03-20,12:40:11,-03:00,2025-03-20T12:40:11-03:00,1,28
static\style.css,93,css,5471ffa3,ALESSANDRA BELLÓ SOARES,2025-03-20,12:40:11,-03:00,2025-03-20T12:40:11-03:00,0,0
static\style.css,94,css,5471ffa3,ALESSANDRA BELLÓ SOARES,2025-03-20,12:40:11,-03:00,2025-03-20T12:40:11-03:00,0,0
static\style.css,95,css,5471ffa3,ALESSANDRA BELLÓ SOARES,2025-03-20,12:40:11,-03:00,2025-03-20T12:40:11-03:00,0,10
static\style.css,96,css,5471ffa3,ALESSANDRA BELLÓ SOARES,2025-03-20,12:40:11,-03:00,2025-03-20T12:40:11-03:00,1,25
static\style.css,97,css,5471ffa3,ALESSANDRA BELLÓ SOARES,2025-03-20,12:40:11,-03:00,2025-03-20T12:40:11-03:00,1,72
static\style.css,98,css,5471ffa3,ALESSANDRA BELLÓ SOARES,2025-03-20,12:40:11,-03:00,2025-03-20T12:40:11-03:00,1,28
static\style.css,99,css,5471ffa3,ALESSANDRA BELLÓ SOARES,2025-03-20,12:40:11,-03:00,2025-03-20T12:40:11-03:00,1,27
static\style.css,100,css,5471ffa3,ALESSANDRA BELLÓ SOARES,2025-03-20,12:40:11,-03:00,2025-03-20T12:40:11-03:00,0,0
static\style.css,101,css,5471ffa3,ALESSANDRA BELLÓ SOARES,2025-03-20,12:40:11,-03:00,2025-03-20T12:40:11-03:00,0,0
static\style.css,102,css,5471ffa3,ALESSANDRA BELLÓ SOARES,2025-03-20,12:40:11,-03:00,2025-03-20T12:40:11-03:00,0,7
static\style.css,103,css,5471ffa3,ALESSANDRA BELLÓ SOARES,2025-03-20,12:40:11,-03:00,2025-03-20T12:40:11-03:00,1,25
static\style.css,104,css,5471ffa3,ALESSANDRA BELLÓ SOARES,2025-03-20,12:40:11,-03:00,2025-03-20T12:40:11-03:00,1,26
static\style.css,105,css,5471ffa3,ALESSANDRA BELLÓ SOARES,2025-03-20,12:40:11,-03:00,2025-03-20T12:40:11-03:00,1,40
static\style.css,106,css,5471ffa3,ALESSANDRA BELLÓ SOARES,2025-03-20,12:40:11,-03:00,2025-03-20T12:40:11-03:00,1,29
static\style.css,107,css,5471ffa3,ALESSANDRA BELLÓ SOARES,2025-03-20,12:40:11,-03:00,2025-03-20T12:40:11-03:00,0,0
static\style.css,108,css,5471ffa3,ALESSANDRA BELLÓ SOARES,2025-03-20,12:40:11,-03:00,2025-03-20T12:40:11-03:00,0,0
static\style.css,109,css,5471ffa3,ALESSANDRA BELLÓ SOARES,2025-03-20,12:40:11,-03:00,2025-03-20T12:40:11-03:00,0,10
static\style.css,110,css,5471ffa3,ALESSANDRA BELLÓ SOARES,2025-03-20,12:40:11,-03:00,2025-03-20T12:40:11-03:00,1,22
static\style.css,111,css,5471ffa3,ALESSANDRA BELLÓ SOARES,2025-03-20,12:40:11,-03:00,2025-03-20T12:40:11-03:00,0,0
static\style.css,112,css,5471ffa3,ALESSANDRA BELLÓ SOARES,2025-03-20,12:40:11,-03:00,2025-03-20T12:40:11-03:00,0,0
static\style.css,113,css,5471ffa3,ALESSANDRA BELLÓ SOARES,2025-03-20,12:40:11,-03:00,2025-03-20T12:40:11-03:00,0,3
static\style.css,114,css,5471ffa3,ALESSANDRA BELLÓ SOARES,2025-03-20,12:40:11,-03:00,2025-03-20T12:40:11-03:00,1,28
static\style.css,115,css,5471ffa3,ALESSANDRA BELLÓ SOARES,2025-03-20,12:40:11,-03:00,2025-03-20T12:40:11-03:00,0,0
static\style.css,116,css,5471ffa3,ALESSANDRA BELLÓ SOARES,2025-03-20,12:40:11,-03:00,2025-03-20T12:40:11-03:00,0,22
static\style.css,117,css,5471ffa3,ALESSANDRA BELLÓ SOARES,2025-03-20,12:40:11,-03:00,2025-03-20T12:40:11-03:00,1,29
static\style.css,118,css,5471ffa3,ALESSANDRA BELLÓ SOARES,2025-03-20,12:40:11,-03:00,2025-03-20T12:40:11-03:00,1,31
static\style.css,119,css,5471ffa3,ALESSANDRA BELLÓ SOARES,2025-03-20,12:40:11,-03:00,2025-03-20T12:40:11-03:00,0,0
static\style.css,120,css,5471ffa3,ALESSANDRA BELLÓ SOARES,2025-03-20,12:40:11,-03:00,2025-03-20T12:40:11-03:00,0,0
static\style.css,121,css,5471ffa3,ALESSANDRA BELLÓ SOARES,2025-03-20,12:40:11,-03:00,2025-03-20T12:40:11-03:00,0,7
static\style.css,122,css,5471ffa3,ALESSANDRA BELLÓ SOARES,2025-03-20,12:40:11,-03:00,2025-03-20T12:40:11-03:00,1,29
static\style.css,123,css,5471ffa3,ALESSANDRA BELLÓ SOARES,2025-03-20,12:40:11,-03:00,2025-03-20T12:40:11-03:00,1,53
static\style.css,124,css,5471ffa3,ALESSANDRA BELLÓ SOARES,2025-03-20,12:40:11,-03:00,2025-03-20T12:40:11-03:00,1,31
static\style.css,125,css,5471ffa3,ALESSANDRA BELLÓ SOARES,2025-03-20,12:40:11,-03:00,2025-03-20T12:40:11-03:00,0,0
static\style.css,126,css,5471ffa3,ALESSANDRA BELLÓ SOARES,2025-03-20,12:40:11,-03:00,2025-03-20T12:40:11-03:00,0,6
static\style.css,127,css,5471ffa3,ALESSANDRA BELLÓ SOARES,2025-03-20,12:40:11,-03:00,2025-03-20T12:40:11-03:00,1,56
static\style.css,128,css,5471ffa3,ALESSANDRA BELLÓ SOARES,2025-03-20,12:40:11,-03:00,2025-03-20T12:40:11-03:00,1,33
static\style.css,129,css,5471ffa3,ALESSANDRA BELLÓ SOARES,2025-03-20,12:40:11,-03:00,2025-03-20T12:40:11-03:00,1,41
static\style.css,130,css,625c32ff,ALESSANDRA BELLÓ SOARES,2025-03-27,12:28:52,-03:00,2025-03-27T12:28:52-03:00,0,0
static\style.css,131,css,625c32ff,ALESSANDRA BELLÓ SOARES,2025-03-27,12:28:52,-03:00,2025-03-27T12:28:52-03:00,0,0
static\style.css,132,css,625c32ff,ALESSANDRA BELLÓ SOARES,2025-03-27,12:28:52,-03:00,2025-03-27T12:28:52-03:00,0,2
static\style.css,133,css,625c32ff,ALESSANDRA BELLÓ SOARES,2025-03-27,12:28:52,-03:00,2025-03-27T12:28:52-03:00,0,13
static\style.css,134,css,625c32ff,ALESSANDRA BELLÓ SOARES,2025-03-27,12:28:52,-03:00,2025-03-27T12:28:52-03:00,0,27
static\style.css,135,css,625c32ff,ALESSANDRA BELLÓ SOARES,2025-03-27,12:28:52,-03:00,2025-03-27T12:28:52-03:00,0,0
static\style.css,136,css,625c32ff,ALESSANDRA BELLÓ SOARES,2025-03-27,12:28:52,-03:00,2025-03-27T12:28:52-03:00,0,2
static\style.css,137,css,625c32ff,ALESSANDRA BELLÓ SOARES,2025-03-27,12:28:52,-03:00,2025-03-27T12:28:52-03:00,0,11
static\style.css,138,css,625c32ff,ALESSANDRA BELLÓ SOARES,2025-03-27,12:28:52,-03:00,2025-03-27T12:28:52-03:00,0,20
static\style.css,139,css,625c32ff,ALESSANDRA BELLÓ SOARES,2025-03-27,12:28:52,-03:00,2025-03-27T12:28:52-03:00,0,17
static\style.css,140,css,625c32ff,ALESSANDRA BELLÓ SOARES,2025-03-27,12:28:52,-03:00,2025-03-27T12:28:52-03:00,0,25
static\style.css,141,css,625c32ff,ALESSANDRA BELLÓ SOARES,2025-03-27,12:28:52,-03:00,2025-03-27T12:28:52-03:00,0,25
static\style.css,142,css,625c32ff,ALESSANDRA BELLÓ SOARES,2025-03-27,12:28:52,-03:00,2025-03-27T12:28:52-03:00,0,0
static\style.css,143,css,625c32ff,ALESSANDRA BELLÓ SOARES,2025-03-27,12:28:52,-03:00,2025-03-27T12:28:52-03:00,0,2
static\style.css,144,css,625c32ff,ALESSANDRA BELLÓ SOARES,2025-03-27,12:28:52,-03:00,2025-03-27T12:28:52-03:00,0,20
static\style.css,145,css,625c32ff,ALESSANDRA BELLÓ SOARES,2025-03-27,12:28:52,-03:00,2025-03-27T12:28:52-03:00,0,17
static\style.css,146,css,625c32ff,ALESSANDRA BELLÓ SOARES,2025-03-27,12:28:52,-03:00,2025-03-27T12:28:52-03:00,0,0
static\style.css,147,css,625c32ff,ALESSANDRA BELLÓ SOARES,2025-03-27,12:28:52,-03:00,2025-03-27T12:28:52-03:00,0,7
static\style.css,148,css,625c32ff,ALESSANDRA BELLÓ SOARES,2025-03-27,12:28:52,-03:00,2025-03-27T12:28:52-03:00,0,19
static\style.css,149,css,625c32ff,ALESSANDRA BELLÓ SOARES,2025-03-27,12:28:52,-03:00,2025-03-27T12:28:52-03:00,0,18
static\style.css,150,css,625c32ff,ALESSANDRA BELLÓ SOARES,2025-03-27,12:28:52,-03:00,2025-03-27T12:28:52-03:00,0,31
static\style.css,151,css,625c32ff,ALESSANDRA BELLÓ SOARES,2025-03-27,12:28:52,-03:00,2025-03-27T12:28:52-03:00,0,17
static\style.css,152,css,625c32ff,ALESSANDRA BELLÓ SOARES,2025-03-27,12:28:52,-03:00,2025-03-27T12:28:52-03:00,0,18
static\style.css,153,css,625c32ff,ALESSANDRA BELLÓ SOARES,2025-03-27,12:28:52,-03:00,2025-03-27T12:28:52-03:00,0,0
src\app.html,1,html,5471ffa3,ALESSANDRA BELLÓ SOARES,2025-03-20,12:40:11,-03:00,2025-03-20T12:40:11-03:00,0,14
src\app.html,2,html,5471ffa3,ALESSANDRA BELLÓ SOARES,2025-03-20,12:40:11,-03:00,2025-03-20T12:40:11-03:00,0,15
src\app.html,3,html,5471ffa3,ALESSANDRA BELLÓ SOARES,2025-03-20,12:40:11,-03:00,2025-03-20T12:40:11-03:00,1,5
src\app.html,4,html,5471ffa3,ALESSANDRA BELLÓ SOARES,2025-03-20,12:40:11,-03:00,2025-03-20T12:40:11-03:00,2,23
src\app.html,5,html,5471ffa3,ALESSANDRA BELLÓ SOARES,2025-03-20,12:40:11,-03:00,2025-03-20T12:40:11-03:00,2,56
src\app.html,6,html,5471ffa3,ALESSANDRA BELLÓ SOARES,2025-03-20,12:40:11,-03:00,2025-03-20T12:40:11-03:00,2,52
src\app.html,7,html,5471ffa3,ALESSANDRA BELLÓ SOARES,2025-03-20,12:40:11,-03:00,2025-03-20T12:40:11-03:00,2,15
src\app.html,8,html,5471ffa3,ALESSANDRA BELLÓ SOARES,2025-03-20,12:40:11,-03:00,2025-03-20T12:40:11-03:00,2,59
src\app.html,9,html,5471ffa3,ALESSANDRA BELLÓ SOARES,2025-03-20,12:40:11,-03:00,2025-03-20T12:40:11-03:00,2,60
src\app.html,10,html,5471ffa3,ALESSANDRA BELLÓ SOARES,2025-03-20,12:40:11,-03:00,2025-03-20T12:40:11-03:00,2,65
src\app.html,11,html,5471ffa3,ALESSANDRA BELLÓ SOARES,2025-03-20,12:40:11,-03:00,2025-03-20T12:40:11-03:00,1,6
src\app.html,12,html,5471ffa3,ALESSANDRA BELLÓ SOARES,2025-03-20,12:40:11,-03:00,2025-03-20T12:40:11-03:00,1,41
src\app.html,13,html,5471ffa3,ALESSANDRA BELLÓ SOARES,2025-03-20,12:40:11,-03:00,2025-03-20T12:40:11-03:00,2,52
src\app.html,14,html,5471ffa3,ALESSANDRA BELLÓ SOARES,2025-03-20,12:40:11,-03:00,2025-03-20T12:40:11-03:00,1,6
src\app.html,15,html,5471ffa3,ALESSANDRA BELLÓ SOARES,2025-03-20,12:40:11,-03:00,2025-03-20T12:40:11-03:00,0,6
src\routes\+page.svelte,1,svelte,5471ffa3,ALESSANDRA BELLÓ SOARES,2025-03-20,12:40:11,-03:00,2025-03-20T12:40:11-03:00,0,12
src\routes\+page.svelte,2,svelte,5471ffa3,ALESSANDRA BELLÓ SOARES,2025-03-20,12:40:11,-03:00,2025-03-20T12:40:11-03:00,0,59
src\routes\+page.svelte,3,svelte,5471ffa3,ALESSANDRA BELLÓ SOARES,2025-03-20,12:40:11,-03:00,2025-03-20T12:40:11-03:00,0,13
src\routes\+page.svelte,4,svelte,5471ffa3,ALESSANDRA BELLÓ SOARES,2025-03-20,12:40:11,-03:00,2025-03-20T12:40:11-03:00,0,0
src\routes\+page.svelte,5,svelte,5471ffa3,ALESSANDRA BELLÓ SOARES,2025-03-20,12:40:11,-03:00,2025-03-20T12:40:11-03:00,0,31
src\routes\+page.svelte,6,svelte,5471ffa3,ALESSANDRA BELLÓ SOARES,2025-03-20,12:40:11,-03:00,2025-03-20T12:40:11-03:00,0,0
src\routes\+page.svelte,7,svelte,625c32ff,ALESSANDRA BELLÓ SOARES,2025-03-27,12:28:52,-03:00,2025-03-27T12:28:52-03:00,0,7
src\routes\+page.svelte,8,js,625c32ff,ALESSANDRA BELLÓ SOARES,2025-03-27,12:28:52,-03:00,2025-03-27T12:28:52-03:00,0,71
src\routes\+page.svelte,9,svelte,625c32ff,ALESSANDRA BELLÓ SOARES,2025-03-27,12:28:52,-03:00,2025-03-27T12:28:52-03:00,0,8
src\routes\+page.svelte,10,svelte,625c32ff,ALESSANDRA BELLÓ SOARES,2025-03-27,12:28:52,-03:00,2025-03-27T12:28:52-03:00,0,0
src\routes\+page.svelte,11,svelte,625c32ff,ALESSANDRA BELLÓ SOARES,2025-03-27,12:28:52,-03:00,2025-03-27T12:28:52-03:00,0,19
src\routes\+page.svelte,12,svelte,625c32ff,ALESSANDRA BELLÓ SOARES,2025-03-27,12:28:52,-03:00,2025-03-27T12:28:52-03:00,0,16
src\routes\+page.svelte,13,svelte,625c32ff,ALESSANDRA BELLÓ SOARES,2025-03-27,12:28:52,-03:00,2025-03-27T12:28:52-03:00,0,15
src\routes\+page.svelte,14,svelte,625c32ff,ALESSANDRA BELLÓ SOARES,2025-03-27,12:28:52,-03:00,2025-03-27T12:28:52-03:00,0,23
src\routes\+page.svelte,15,svelte,625c32ff,ALESSANDRA BELLÓ SOARES,2025-03-27,12:28:52,-03:00,2025-03-27T12:28:52-03:00,0,17
src\routes\+page.svelte,16,svelte,625c32ff,ALESSANDRA BELLÓ SOARES,2025-03-27,12:28:52,-03:00,2025-03-27T12:28:52-03:00,0,11
src\routes\+page.svelte,17,svelte,625c32ff,ALESSANDRA BELLÓ SOARES,2025-03-27,12:28:52,-03:00,2025-03-27T12:28:52-03:00,0,8
src\routes\+page.svelte,18,svelte,625c32ff,ALESSANDRA BELLÓ SOARES,2025-03-27,12:28:52,-03:00,2025-03-27T12:28:52-03:00,0,23
src\routes\+page.svelte,19,svelte,625c32ff,ALESSANDRA BELLÓ SOARES,2025-03-27,12:28:52,-03:00,2025-03-27T12:28:52-03:00,0,3
src\routes\+page.svelte,20,svelte,625c32ff,ALESSANDRA BELLÓ SOARES,2025-03-27,12:28:52,-03:00,2025-03-27T12:28:52-03:00,0,17
src\routes\+page.svelte,21,svelte,625c32ff,ALESSANDRA BELLÓ SOARES,2025-03-27,12:28:52,-03:00,2025-03-27T12:28:52-03:00,0,24
src\routes\+page.svelte,22,svelte,625c32ff,ALESSANDRA BELLÓ SOARES,2025-03-27,12:28:52,-03:00,2025-03-27T12:28:52-03:00,0,17
src\routes\+page.svelte,23,svelte,625c32ff,ALESSANDRA BELLÓ SOARES,2025-03-27,12:28:52,-03:00,2025-03-27T12:28:52-03:00,0,24
src\routes\+page.svelte,24,svelte,625c32ff,ALESSANDRA BELLÓ SOARES,2025-03-27,12:28:52,-03:00,2025-03-27T12:28:52-03:00,0,20
src\routes\+page.svelte,25,svelte,625c32ff,ALESSANDRA BELLÓ SOARES,2025-03-27,12:28:52,-03:00,2025-03-27T12:28:52-03:00,0,27
src\routes\+page.svelte,26,svelte,625c32ff,ALESSANDRA BELLÓ SOARES,2025-03-27,12:28:52,-03:00,2025-03-27T12:28:52-03:00,0,4
src\routes\+page.svelte,27,svelte,625c32ff,ALESSANDRA BELLÓ SOARES,2025-03-27,12:28:52,-03:00,2025-03-27T12:28:52-03:00,0,9
src\routes\+page.svelte,28,svelte,625c32ff,ALESSANDRA BELLÓ SOARES,2025-03-27,12:28:52,-03:00,2025-03-27T12:28:52-03:00,0,13
src\routes\+page.svelte,29,svelte,625c32ff,ALESSANDRA BELLÓ SOARES,2025-03-27,12:28:52,-03:00,2025-03-27T12:28:52-03:00,0,57
src\routes\+page.svelte,30,svelte,625c32ff,ALESSANDRA BELLÓ SOARES,2025-03-27,12:28:52,-03:00,2025-03-27T12:28:52-03:00,0,7
src\routes\+page.svelte,31,svelte,625c32ff,ALESSANDRA BELLÓ SOARES,2025-03-27,12:28:52,-03:00,2025-03-27T12:28:52-03:00,0,13
src\routes\+page.svelte,32,svelte,625c32ff,ALESSANDRA BELLÓ SOARES,2025-03-27,12:28:52,-03:00,2025-03-27T12:28:52-03:00,0,57
src\routes\+page.svelte,33,svelte,625c32ff,ALESSANDRA BELLÓ SOARES,2025-03-27,12:28:52,-03:00,2025-03-27T12:28:52-03:00,0,7
src\routes\+page.svelte,34,svelte,5471ffa3,ALESSANDRA BELLÓ SOARES,2025-03-20,12:40:11,-03:00,2025-03-20T12:40:11-03:00,0,51
src\routes\+page.svelte,35,svelte,5471ffa3,ALESSANDRA BELLÓ SOARES,2025-03-20,12:40:11,-03:00,2025-03-20T12:40:11-03:00,0,0
src\routes\+page.svelte,36,svelte,5471ffa3,ALESSANDRA BELLÓ SOARES,2025-03-20,12:40:11,-03:00,2025-03-20T12:40:11-03:00,0,145
src\routes\+page.svelte,37,svelte,5471ffa3,ALESSANDRA BELLÓ SOARES,2025-03-20,12:40:11,-03:00,2025-03-20T12:40:11-03:00,0,0
src\routes\+page.svelte,38,svelte,5471ffa3,ALESSANDRA BELLÓ SOARES,2025-03-20,12:40:11,-03:00,2025-03-20T12:40:11-03:00,0,627
src\routes\+page.svelte,39,svelte,5471ffa3,ALESSANDRA BELLÓ SOARES,2025-03-20,12:40:11,-03:00,2025-03-20T12:40:11-03:00,0,0
src\routes\+page.svelte,40,svelte,5471ffa3,ALESSANDRA BELLÓ SOARES,2025-03-20,12:40:11,-03:00,2025-03-20T12:40:11-03:00,0,205
src\routes\+page.svelte,41,svelte,5471ffa3,ALESSANDRA BELLÓ SOARES,2025-03-20,12:40:11,-03:00,2025-03-20T12:40:11-03:00,0,0
src\routes\+page.svelte,42,svelte,5471ffa3,ALESSANDRA BELLÓ SOARES,2025-03-20,12:40:11,-03:00,2025-03-20T12:40:11-03:00,0,174
src\routes\+layout.svelte,1,svelte,625c32ff,ALESSANDRA BELLÓ SOARES,2025-03-27,12:28:52,-03:00,2025-03-27T12:28:52-03:00,0,7
src\routes\+layout.svelte,2,js,625c32ff,ALESSANDRA BELLÓ SOARES,2025-03-27,12:28:52,-03:00,2025-03-27T12:28:52-03:00,0,33
src\routes\+layout.svelte,3,js,625c32ff,ALESSANDRA BELLÓ SOARES,2025-03-27,12:28:52,-03:00,2025-03-27T12:28:52-03:00,0,34
src\routes\+layout.svelte,4,js,625c32ff,ALESSANDRA BELLÓ SOARES,2025-03-27,12:28:52,-03:00,2025-03-27T12:28:52-03:00,0,12
src\routes\+layout.svelte,5,js,625c32ff,ALESSANDRA BELLÓ SOARES,2025-03-27,12:28:52,-03:00,2025-03-27T12:28:52-03:00,0,27
src\routes\+layout.svelte,6,js,625c32ff,ALESSANDRA BELLÓ SOARES,2025-03-27,12:28:52,-03:00,2025-03-27T12:28:52-03:00,0,39
src\routes\+layout.svelte,7,js,625c32ff,ALESSANDRA BELLÓ SOARES,2025-03-27,12:28:52,-03:00,2025-03-27T12:28:52-03:00,0,37
src\routes\+layout.svelte,8,js,625c32ff,ALESSANDRA BELLÓ SOARES,2025-03-27,12:28:52,-03:00,2025-03-27T12:28:52-03:00,0,35
src\routes\+layout.svelte,9,js,00000000,Not Committed Yet,2025-04-08,11:26:18,-03:00,2025-04-08T11:26:18-03:00,0,31
src\routes\+layout.svelte,10,js,625c32ff,ALESSANDRA BELLÓ SOARES,2025-03-27,12:28:52,-03:00,2025-03-27T12:28:52-03:00,0,59
src\routes\+layout.svelte,11,js,625c32ff,ALESSANDRA BELLÓ SOARES,2025-03-27,12:28:52,-03:00,2025-03-27T12:28:52-03:00,0,1
src\routes\+layout.svelte,12,js,625c32ff,ALESSANDRA BELLÓ SOARES,2025-03-27,12:28:52,-03:00,2025-03-27T12:28:52-03:00,0,0
src\routes\+layout.svelte,13,js,625c32ff,ALESSANDRA BELLÓ SOARES,2025-03-27,12:28:52,-03:00,2025-03-27T12:28:52-03:00,0,48
src\routes\+layout.svelte,14,js,625c32ff,ALESSANDRA BELLÓ SOARES,2025-03-27,12:28:52,-03:00,2025-03-27T12:28:52-03:00,0,58
src\routes\+layout.svelte,15,js,625c32ff,ALESSANDRA BELLÓ SOARES,2025-03-27,12:28:52,-03:00,2025-03-27T12:28:52-03:00,0,48
src\routes\+layout.svelte,16,js,625c32ff,ALESSANDRA BELLÓ SOARES,2025-03-27,12:28:52,-03:00,2025-03-27T12:28:52-03:00,0,55
src\routes\+layout.svelte,17,js,625c32ff,ALESSANDRA BELLÓ SOARES,2025-03-27,12:28:52,-03:00,2025-03-27T12:28:52-03:00,0,41
src\routes\+layout.svelte,18,js,625c32ff,ALESSANDRA BELLÓ SOARES,2025-03-27,12:28:52,-03:00,2025-03-27T12:28:52-03:00,0,0
src\routes\+layout.svelte,19,svelte,625c32ff,ALESSANDRA BELLÓ SOARES,2025-03-27,12:28:52,-03:00,2025-03-27T12:28:52-03:00,0,8
src\routes\+layout.svelte,20,svelte,625c32ff,ALESSANDRA BELLÓ SOARES,2025-03-27,12:28:52,-03:00,2025-03-27T12:28:52-03:00,0,0
src\routes\+layout.svelte,21,svelte,625c32ff,ALESSANDRA BELLÓ SOARES,2025-03-27,12:28:52,-03:00,2025-03-27T12:28:52-03:00,0,4
src\routes\+layout.svelte,22,svelte,625c32ff,ALESSANDRA BELLÓ SOARES,2025-03-27,12:28:52,-03:00,2025-03-27T12:28:52-03:00,0,17
src\routes\+layout.svelte,23,svelte,625c32ff,ALESSANDRA BELLÓ SOARES,2025-03-27,12:28:52,-03:00,2025-03-27T12:28:52-03:00,0,1
src\routes\+layout.svelte,24,svelte,625c32ff,ALESSANDRA BELLÓ SOARES,2025-03-27,12:28:52,-03:00,2025-03-27T12:28:52-03:00,0,57
src\routes\+layout.svelte,25,svelte,625c32ff,ALESSANDRA BELLÓ SOARES,2025-03-27,12:28:52,-03:00,2025-03-27T12:28:52-03:00,0,39
src\routes\+layout.svelte,26,svelte,625c32ff,ALESSANDRA BELLÓ SOARES,2025-03-27,12:28:52,-03:00,2025-03-27T12:28:52-03:00,0,55
src\routes\+layout.svelte,27,svelte,625c32ff,ALESSANDRA BELLÓ SOARES,2025-03-27,12:28:52,-03:00,2025-03-27T12:28:52-03:00,0,0
src\routes\+layout.svelte,28,svelte,625c32ff,ALESSANDRA BELLÓ SOARES,2025-03-27,12:28:52,-03:00,2025-03-27T12:28:52-03:00,0,8
src\routes\+layout.svelte,29,svelte,625c32ff,ALESSANDRA BELLÓ SOARES,2025-03-27,12:28:52,-03:00,2025-03-27T12:28:52-03:00,0,3
src\routes\+layout.svelte,30,svelte,625c32ff,ALESSANDRA BELLÓ SOARES,2025-03-27,12:28:52,-03:00,2025-03-27T12:28:52-03:00,0,6
src\routes\+layout.svelte,31,svelte,625c32ff,ALESSANDRA BELLÓ SOARES,2025-03-27,12:28:52,-03:00,2025-03-27T12:28:52-03:00,0,5
src\routes\+layout.svelte,32,svelte,625c32ff,ALESSANDRA BELLÓ SOARES,2025-03-27,12:28:52,-03:00,2025-03-27T12:28:52-03:00,0,0
src\routes\+layout.svelte,33,svelte,625c32ff,ALESSANDRA BELLÓ SOARES,2025-03-27,12:28:52,-03:00,2025-03-27T12:28:52-03:00,0,27
src\routes\+layout.svelte,34,svelte,625c32ff,ALESSANDRA BELLÓ SOARES,2025-03-27,12:28:52,-03:00,2025-03-27T12:28:52-03:00,0,5
src\routes\+layout.svelte,35,svelte,625c32ff,ALESSANDRA BELLÓ SOARES,2025-03-27,12:28:52,-03:00,2025-03-27T12:28:52-03:00,0,34
src\routes\+layout.svelte,36,svelte,625c32ff,ALESSANDRA BELLÓ SOARES,2025-03-27,12:28:52,-03:00,2025-03-27T12:28:52-03:00,0,46
src\routes\+layout.svelte,37,svelte,625c32ff,ALESSANDRA BELLÓ SOARES,2025-03-27,12:28:52,-03:00,2025-03-27T12:28:52-03:00,0,37
src\routes\+layout.svelte,38,svelte,625c32ff,ALESSANDRA BELLÓ SOARES,2025-03-27,12:28:52,-03:00,2025-03-27T12:28:52-03:00,0,35
src\routes\+layout.svelte,39,svelte,625c32ff,ALESSANDRA BELLÓ SOARES,2025-03-27,12:28:52,-03:00,2025-03-27T12:28:52-03:00,0,8
src\routes\+layout.svelte,40,svelte,625c32ff,ALESSANDRA BELLÓ SOARES,2025-03-27,12:28:52,-03:00,2025-03-27T12:28:52-03:00,0,7
src\routes\+layout.svelte,41,svelte,625c32ff,ALESSANDRA BELLÓ SOARES,2025-03-27,12:28:52,-03:00,2025-03-27T12:28:52-03:00,0,0
src\routes\+layout.svelte,42,svelte,625c32ff,ALESSANDRA BELLÓ SOARES,2025-03-27,12:28:52,-03:00,2025-03-27T12:28:52-03:00,0,7
src\routes\resume\+page.svelte,1,svelte,5471ffa3,ALESSANDRA BELLÓ SOARES,2025-03-20,12:40:11,-03:00,2025-03-20T12:40:11-03:00,0,12
src\routes\resume\+page.svelte,2,svelte,5471ffa3,ALESSANDRA BELLÓ SOARES,2025-03-20,12:40:11,-03:00,2025-03-20T12:40:11-03:00,0,23
src\routes\resume\+page.svelte,3,svelte,5471ffa3,ALESSANDRA BELLÓ SOARES,2025-03-20,12:40:11,-03:00,2025-03-20T12:40:11-03:00,0,13
src\routes\resume\+page.svelte,4,svelte,5471ffa3,ALESSANDRA BELLÓ SOARES,2025-03-20,12:40:11,-03:00,2025-03-20T12:40:11-03:00,0,0
src\routes\resume\+page.svelte,5,svelte,5471ffa3,ALESSANDRA BELLÓ SOARES,2025-03-20,12:40:11,-03:00,2025-03-20T12:40:11-03:00,0,17
src\routes\resume\+page.svelte,6,svelte,5471ffa3,ALESSANDRA BELLÓ SOARES,2025-03-20,12:40:11,-03:00,2025-03-20T12:40:11-03:00,0,0
src\routes\resume\+page.svelte,7,svelte,5471ffa3,ALESSANDRA BELLÓ SOARES,2025-03-20,12:40:11,-03:00,2025-03-20T12:40:11-03:00,0,24
src\routes\resume\+page.svelte,8,svelte,5471ffa3,ALESSANDRA BELLÓ SOARES,2025-03-20,12:40:11,-03:00,2025-03-20T12:40:11-03:00,0,15
src\routes\resume\+page.svelte,9,svelte,5471ffa3,ALESSANDRA BELLÓ SOARES,2025-03-20,12:40:11,-03:00,2025-03-20T12:40:11-03:00,0,97
src\routes\resume\+page.svelte,10,svelte,5471ffa3,ALESSANDRA BELLÓ SOARES,2025-03-20,12:40:11,-03:00,2025-03-20T12:40:11-03:00,0,121
src\routes\resume\+page.svelte,11,svelte,5471ffa3,ALESSANDRA BELLÓ SOARES,2025-03-20,12:40:11,-03:00,2025-03-20T12:40:11-03:00,0,99
src\routes\resume\+page.svelte,12,svelte,5471ffa3,ALESSANDRA BELLÓ SOARES,2025-03-20,12:40:11,-03:00,2025-03-20T12:40:11-03:00,0,9
src\routes\resume\+page.svelte,13,svelte,5471ffa3,ALESSANDRA BELLÓ SOARES,2025-03-20,12:40:11,-03:00,2025-03-20T12:40:11-03:00,0,0
src\routes\resume\+page.svelte,14,svelte,5471ffa3,ALESSANDRA BELLÓ SOARES,2025-03-20,12:40:11,-03:00,2025-03-20T12:40:11-03:00,0,8
src\routes\resume\+page.svelte,15,svelte,5471ffa3,ALESSANDRA BELLÓ SOARES,2025-03-20,12:40:11,-03:00,2025-03-20T12:40:11-03:00,0,14
src\routes\resume\+page.svelte,16,svelte,5471ffa3,ALESSANDRA BELLÓ SOARES,2025-03-20,12:40:11,-03:00,2025-03-20T12:40:11-03:00,0,144
src\routes\resume\+page.svelte,17,svelte,5471ffa3,ALESSANDRA BELLÓ SOARES,2025-03-20,12:40:11,-03:00,2025-03-20T12:40:11-03:00,0,137
src\routes\resume\+page.svelte,18,svelte,5471ffa3,ALESSANDRA BELLÓ SOARES,2025-03-20,12:40:11,-03:00,2025-03-20T12:40:11-03:00,0,9
src\routes\resume\+page.svelte,19,svelte,5471ffa3,ALESSANDRA BELLÓ SOARES,2025-03-20,12:40:11,-03:00,2025-03-20T12:40:11-03:00,0,0
src\routes\resume\+page.svelte,20,svelte,5471ffa3,ALESSANDRA BELLÓ SOARES,2025-03-20,12:40:11,-03:00,2025-03-20T12:40:11-03:00,0,8
src\routes\resume\+page.svelte,21,svelte,5471ffa3,ALESSANDRA BELLÓ SOARES,2025-03-20,12:40:11,-03:00,2025-03-20T12:40:11-03:00,0,19
src\routes\resume\+page.svelte,22,svelte,5471ffa3,ALESSANDRA BELLÓ SOARES,2025-03-20,12:40:11,-03:00,2025-03-20T12:40:11-03:00,0,3
src\routes\resume\+page.svelte,23,svelte,5471ffa3,ALESSANDRA BELLÓ SOARES,2025-03-20,12:40:11,-03:00,2025-03-20T12:40:11-03:00,0,96
src\routes\resume\+page.svelte,24,svelte,5471ffa3,ALESSANDRA BELLÓ SOARES,2025-03-20,12:40:11,-03:00,2025-03-20T12:40:11-03:00,0,124
src\routes\resume\+page.svelte,25,svelte,5471ffa3,ALESSANDRA BELLÓ SOARES,2025-03-20,12:40:11,-03:00,2025-03-20T12:40:11-03:00,0,115
src\routes\resume\+page.svelte,26,svelte,5471ffa3,ALESSANDRA BELLÓ SOARES,2025-03-20,12:40:11,-03:00,2025-03-20T12:40:11-03:00,0,4
src\routes\resume\+page.svelte,27,svelte,5471ffa3,ALESSANDRA BELLÓ SOARES,2025-03-20,12:40:11,-03:00,2025-03-20T12:40:11-03:00,0,9
src\routes\resume\+page.svelte,28,svelte,5471ffa3,ALESSANDRA BELLÓ SOARES,2025-03-20,12:40:11,-03:00,2025-03-20T12:40:11-03:00,0,0
src\routes\resume\+page.svelte,29,svelte,5471ffa3,ALESSANDRA BELLÓ SOARES,2025-03-20,12:40:11,-03:00,2025-03-20T12:40:11-03:00,0,8
src\routes\resume\+page.svelte,30,svelte,5471ffa3,ALESSANDRA BELLÓ SOARES,2025-03-20,12:40:11,-03:00,2025-03-20T12:40:11-03:00,0,26
src\routes\resume\+page.svelte,31,svelte,5471ffa3,ALESSANDRA BELLÓ SOARES,2025-03-20,12:40:11,-03:00,2025-03-20T12:40:11-03:00,0,3
src\routes\resume\+page.svelte,32,svelte,5471ffa3,ALESSANDRA BELLÓ SOARES,2025-03-20,12:40:11,-03:00,2025-03-20T12:40:11-03:00,0,126
src\routes\resume\+page.svelte,33,svelte,5471ffa3,ALESSANDRA BELLÓ SOARES,2025-03-20,12:40:11,-03:00,2025-03-20T12:40:11-03:00,0,142
src\routes\resume\+page.svelte,34,svelte,5471ffa3,ALESSANDRA BELLÓ SOARES,2025-03-20,12:40:11,-03:00,2025-03-20T12:40:11-03:00,0,4
src\routes\resume\+page.svelte,35,svelte,5471ffa3,ALESSANDRA BELLÓ SOARES,2025-03-20,12:40:11,-03:00,2025-03-20T12:40:11-03:00,0,9
src\routes\projects\+page.svelte,1,svelte,c1ed3507,Alessandra,2025-04-03,12:31:34,-03:00,2025-04-03T12:31:34-03:00,0,7
src\routes\projects\+page.svelte,2,js,c1ed3507,Alessandra,2025-04-03,12:31:34,-03:00,2025-04-03T12:31:34-03:00,0,41
src\routes\projects\+page.svelte,3,js,c1ed3507,Alessandra,2025-04-03,12:31:34,-03:00,2025-04-03T12:31:34-03:00,0,41
src\routes\projects\+page.svelte,4,js,c1ed3507,Alessandra,2025-04-03,12:31:34,-03:00,2025-04-03T12:31:34-03:00,0,33
src\routes\projects\+page.svelte,5,js,c1ed3507,Alessandra,2025-04-03,12:31:34,-03:00,2025-04-03T12:31:34-03:00,0,24
src\routes\projects\+page.svelte,6,js,c1ed3507,Alessandra,2025-04-03,12:31:34,-03:00,2025-04-03T12:31:34-03:00,0,0
src\routes\projects\+page.svelte,7,js,c1ed3507,Alessandra,2025-04-03,12:31:34,-03:00,2025-04-03T12:31:34-03:00,0,65
src\routes\projects\+page.svelte,8,js,c1ed3507,Alessandra,2025-04-03,12:31:34,-03:00,2025-04-03T12:31:34-03:00,0,11
src\routes\projects\+page.svelte,9,js,c1ed3507,Alessandra,2025-04-03,12:31:34,-03:00,2025-04-03T12:31:34-03:00,0,0
src\routes\projects\+page.svelte,10,js,c1ed3507,Alessandra,2025-04-03,12:31:34,-03:00,2025-04-03T12:31:34-03:00,0,3
src\routes\projects\+page.svelte,11,js,c1ed3507,Alessandra,2025-04-03,12:31:34,-03:00,2025-04-03T12:31:34-03:00,0,52
src\routes\projects\+page.svelte,12,js,c1ed3507,Alessandra,2025-04-03,12:31:34,-03:00,2025-04-03T12:31:34-03:00,0,12
src\routes\projects\+page.svelte,13,js,c1ed3507,Alessandra,2025-04-03,12:31:34,-03:00,2025-04-03T12:31:34-03:00,0,0
src\routes\projects\+page.svelte,14,js,c1ed3507,Alessandra,2025-04-03,12:31:34,-03:00,2025-04-03T12:31:34-03:00,0,65
src\routes\projects\+page.svelte,15,js,c1ed3507,Alessandra,2025-04-03,12:31:34,-03:00,2025-04-03T12:31:34-03:00,0,73
src\routes\projects\+page.svelte,16,js,c1ed3507,Alessandra,2025-04-03,12:31:34,-03:00,2025-04-03T12:31:34-03:00,0,0
src\routes\projects\+page.svelte,17,js,c1ed3507,Alessandra,2025-04-03,12:31:34,-03:00,2025-04-03T12:31:34-03:00,0,62
src\routes\projects\+page.svelte,18,js,c1ed3507,Alessandra,2025-04-03,12:31:34,-03:00,2025-04-03T12:31:34-03:00,0,44
src\routes\projects\+page.svelte,19,js,c1ed3507,Alessandra,2025-04-03,12:31:34,-03:00,2025-04-03T12:31:34-03:00,0,36
src\routes\projects\+page.svelte,20,js,c1ed3507,Alessandra,2025-04-03,12:31:34,-03:00,2025-04-03T12:31:34-03:00,0,2
src\routes\projects\+page.svelte,21,js,c1ed3507,Alessandra,2025-04-03,12:31:34,-03:00,2025-04-03T12:31:34-03:00,0,0
src\routes\projects\+page.svelte,22,js,c1ed3507,Alessandra,2025-04-03,12:31:34,-03:00,2025-04-03T12:31:34-03:00,0,0
src\routes\projects\+page.svelte,23,js,c1ed3507,Alessandra,2025-04-03,12:31:34,-03:00,2025-04-03T12:31:34-03:00,0,14
src\routes\projects\+page.svelte,24,js,15404d51,Alessandra,2025-04-03,13:00:19,-03:00,2025-04-03T13:00:19-03:00,0,26
src\routes\projects\+page.svelte,25,js,15404d51,Alessandra,2025-04-03,13:00:19,-03:00,2025-04-03T13:00:19-03:00,0,16
src\routes\projects\+page.svelte,26,js,15404d51,Alessandra,2025-04-03,13:00:19,-03:00,2025-04-03T13:00:19-03:00,0,82
src\routes\projects\+page.svelte,27,js,c1ed3507,Alessandra,2025-04-03,12:31:34,-03:00,2025-04-03T12:31:34-03:00,0,49
src\routes\projects\+page.svelte,28,js,c1ed3507,Alessandra,2025-04-03,12:31:34,-03:00,2025-04-03T12:31:34-03:00,0,60
src\routes\projects\+page.svelte,29,js,c1ed3507,Alessandra,2025-04-03,12:31:34,-03:00,2025-04-03T12:31:34-03:00,0,43
src\routes\projects\+page.svelte,30,js,c1ed3507,Alessandra,2025-04-03,12:31:34,-03:00,2025-04-03T12:31:34-03:00,0,2
src\routes\projects\+page.svelte,31,js,c1ed3507,Alessandra,2025-04-03,12:31:34,-03:00,2025-04-03T12:31:34-03:00,0,0
src\routes\projects\+page.svelte,32,js,15404d51,Alessandra,2025-04-03,13:00:19,-03:00,2025-04-03T13:00:19-03:00,0,0
src\routes\projects\+page.svelte,33,js,15404d51,Alessandra,2025-04-03,13:00:19,-03:00,2025-04-03T13:00:19-03:00,0,55
src\routes\projects\+page.svelte,34,js,15404d51,Alessandra,2025-04-03,13:00:19,-03:00,2025-04-03T13:00:19-03:00,0,18
src\routes\projects\+page.svelte,35,js,15404d51,Alessandra,2025-04-03,13:00:19,-03:00,2025-04-03T13:00:19-03:00,0,36
src\routes\projects\+page.svelte,36,js,15404d51,Alessandra,2025-04-03,13:00:19,-03:00,2025-04-03T13:00:19-03:00,0,0
src\routes\projects\+page.svelte,37,js,15404d51,Alessandra,2025-04-03,13:00:19,-03:00,2025-04-03T13:00:19-03:00,0,0
src\routes\projects\+page.svelte,38,js,15404d51,Alessandra,2025-04-03,13:00:19,-03:00,2025-04-03T13:00:19-03:00,0,11
src\routes\projects\+page.svelte,39,js,15404d51,Alessandra,2025-04-03,13:00:19,-03:00,2025-04-03T13:00:19-03:00,0,2
src\routes\projects\+page.svelte,40,svelte,c1ed3507,Alessandra,2025-04-03,12:31:34,-03:00,2025-04-03T12:31:34-03:00,0,8
src\routes\projects\+page.svelte,41,svelte,c1ed3507,Alessandra,2025-04-03,12:31:34,-03:00,2025-04-03T12:31:34-03:00,0,0
src\routes\projects\+page.svelte,42,svelte,5471ffa3,ALESSANDRA BELLÓ SOARES,2025-03-20,12:40:11,-03:00,2025-03-20T12:40:11-03:00,0,12
src\routes\projects\+page.svelte,43,svelte,c1ed3507,Alessandra,2025-04-03,12:31:34,-03:00,2025-04-03T12:31:34-03:00,0,22
src\routes\projects\+page.svelte,44,svelte,5471ffa3,ALESSANDRA BELLÓ SOARES,2025-03-20,12:40:11,-03:00,2025-03-20T12:40:11-03:00,0,13
src\routes\projects\+page.svelte,45,svelte,5471ffa3,ALESSANDRA BELLÓ SOARES,2025-03-20,12:40:11,-03:00,2025-03-20T12:40:11-03:00,0,0
src\routes\projects\+page.svelte,46,svelte,c1ed3507,Alessandra,2025-04-03,12:31:34,-03:00,2025-04-03T12:31:34-03:00,0,36
src\routes\projects\+page.svelte,47,svelte,15404d51,Alessandra,2025-04-03,13:00:19,-03:00,2025-04-03T13:00:19-03:00,0,60
src\routes\projects\+page.svelte,48,svelte,c1ed3507,Alessandra,2025-04-03,12:31:34,-03:00,2025-04-03T12:31:34-03:00,0,106
src\routes\projects\+page.svelte,49,svelte,c1ed3507,Alessandra,2025-04-03,12:31:34,-03:00,2025-04-03T12:31:34-03:00,0,21
src\routes\projects\+page.svelte,50,svelte,15404d51,Alessandra,2025-04-03,13:00:19,-03:00,2025-04-03T13:00:19-03:00,0,26
src\routes\projects\+page.svelte,51,svelte,c1ed3507,Alessandra,2025-04-03,12:31:34,-03:00,2025-04-03T12:31:34-03:00,0,18
src\routes\projects\+page.svelte,52,svelte,c1ed3507,Alessandra,2025-04-03,12:31:34,-03:00,2025-04-03T12:31:34-03:00,0,13
src\routes\projects\+page.svelte,53,svelte,c1ed3507,Alessandra,2025-04-03,12:31:34,-03:00,2025-04-03T12:31:34-03:00,0,17
src\routes\projects\+page.svelte,54,svelte,c1ed3507,Alessandra,2025-04-03,12:31:34,-03:00,2025-04-03T12:31:34-03:00,0,27
src\routes\projects\+page.svelte,55,svelte,c1ed3507,Alessandra,2025-04-03,12:31:34,-03:00,2025-04-03T12:31:34-03:00,0,2
src\routes\projects\+page.svelte,56,svelte,c1ed3507,Alessandra,2025-04-03,12:31:34,-03:00,2025-04-03T12:31:34-03:00,0,14
src\routes\projects\+page.svelte,57,svelte,c1ed3507,Alessandra,2025-04-03,12:31:34,-03:00,2025-04-03T12:31:34-03:00,0,3
src\routes\projects\+page.svelte,58,svelte,c1ed3507,Alessandra,2025-04-03,12:31:34,-03:00,2025-04-03T12:31:34-03:00,0,13
src\routes\projects\+page.svelte,59,svelte,c1ed3507,Alessandra,2025-04-03,12:31:34,-03:00,2025-04-03T12:31:34-03:00,0,6
src\routes\projects\+page.svelte,60,svelte,c1ed3507,Alessandra,2025-04-03,12:31:34,-03:00,2025-04-03T12:31:34-03:00,0,5
src\routes\contact\+page.svelte,1,svelte,5471ffa3,ALESSANDRA BELLÓ SOARES,2025-03-20,12:40:11,-03:00,2025-03-20T12:40:11-03:00,0,12
src\routes\contact\+page.svelte,2,svelte,5471ffa3,ALESSANDRA BELLÓ SOARES,2025-03-20,12:40:11,-03:00,2025-03-20T12:40:11-03:00,0,24
src\routes\contact\+page.svelte,3,svelte,5471ffa3,ALESSANDRA BELLÓ SOARES,2025-03-20,12:40:11,-03:00,2025-03-20T12:40:11-03:00,0,13
src\routes\contact\+page.svelte,4,svelte,5471ffa3,ALESSANDRA BELLÓ SOARES,2025-03-20,12:40:11,-03:00,2025-03-20T12:40:11-03:00,0,0
src\routes\contact\+page.svelte,5,svelte,5471ffa3,ALESSANDRA BELLÓ SOARES,2025-03-20,12:40:11,-03:00,2025-03-20T12:40:11-03:00,0,15
src\routes\contact\+page.svelte,6,svelte,5471ffa3,ALESSANDRA BELLÓ SOARES,2025-03-20,12:40:11,-03:00,2025-03-20T12:40:11-03:00,0,0
src\routes\contact\+page.svelte,7,svelte,5471ffa3,ALESSANDRA BELLÓ SOARES,2025-03-20,12:40:11,-03:00,2025-03-20T12:40:11-03:00,0,66
src\routes\contact\+page.svelte,8,svelte,5471ffa3,ALESSANDRA BELLÓ SOARES,2025-03-20,12:40:11,-03:00,2025-03-20T12:40:11-03:00,0,37
src\routes\contact\+page.svelte,9,svelte,5471ffa3,ALESSANDRA BELLÓ SOARES,2025-03-20,12:40:11,-03:00,2025-03-20T12:40:11-03:00,0,37
src\routes\contact\+page.svelte,10,svelte,5471ffa3,ALESSANDRA BELLÓ SOARES,2025-03-20,12:40:11,-03:00,2025-03-20T12:40:11-03:00,0,41
src\routes\contact\+page.svelte,11,svelte,5471ffa3,ALESSANDRA BELLÓ SOARES,2025-03-20,12:40:11,-03:00,2025-03-20T12:40:11-03:00,0,38
src\routes\contact\+page.svelte,12,svelte,5471ffa3,ALESSANDRA BELLÓ SOARES,2025-03-20,12:40:11,-03:00,2025-03-20T12:40:11-03:00,0,35
src\routes\contact\+page.svelte,13,svelte,5471ffa3,ALESSANDRA BELLÓ SOARES,2025-03-20,12:40:11,-03:00,2025-03-20T12:40:11-03:00,0,37
src\routes\contact\+page.svelte,14,svelte,5471ffa3,ALESSANDRA BELLÓ SOARES,2025-03-20,12:40:11,-03:00,2025-03-20T12:40:11-03:00,0,22
src\routes\contact\+page.svelte,15,svelte,5471ffa3,ALESSANDRA BELLÓ SOARES,2025-03-20,12:40:11,-03:00,2025-03-20T12:40:11-03:00,0,6
src\lib\Project.svelte,1,svelte,c1ed3507,Alessandra,2025-04-03,12:31:34,-03:00,2025-04-03T12:31:34-03:00,0,7
src\lib\Project.svelte,2,js,c1ed3507,Alessandra,2025-04-03,12:31:34,-03:00,2025-04-03T12:31:34-03:00,0,20
src\lib\Project.svelte,3,js,c1ed3507,Alessandra,2025-04-03,12:31:34,-03:00,2025-04-03T12:31:34-03:00,0,21
src\lib\Project.svelte,4,svelte,c1ed3507,Alessandra,2025-04-03,12:31:34,-03:00,2025-04-03T12:31:34-03:00,0,8
src\lib\Project.svelte,5,svelte,c1ed3507,Alessandra,2025-04-03,12:31:34,-03:00,2025-04-03T12:31:34-03:00,0,0
src\lib\Project.svelte,6,svelte,c1ed3507,Alessandra,2025-04-03,12:31:34,-03:00,2025-04-03T12:31:34-03:00,0,8
src\lib\Project.svelte,7,svelte,c1ed3507,Alessandra,2025-04-03,12:31:34,-03:00,2025-04-03T12:31:34-03:00,0,29
src\lib\Project.svelte,8,svelte,c1ed3507,Alessandra,2025-04-03,12:31:34,-03:00,2025-04-03T12:31:34-03:00,0,64
src\lib\Project.svelte,9,svelte,c1ed3507,Alessandra,2025-04-03,12:31:34,-03:00,2025-04-03T12:31:34-03:00,0,30
src\lib\Project.svelte,10,svelte,c1ed3507,Alessandra,2025-04-03,12:31:34,-03:00,2025-04-03T12:31:34-03:00,0,2
src\lib\Project.svelte,11,svelte,c1ed3507,Alessandra,2025-04-03,12:31:34,-03:00,2025-04-03T12:31:34-03:00,0,17
src\lib\Project.svelte,12,svelte,c1ed3507,Alessandra,2025-04-03,12:31:34,-03:00,2025-04-03T12:31:34-03:00,0,3
src\lib\Project.svelte,13,svelte,c1ed3507,Alessandra,2025-04-03,12:31:34,-03:00,2025-04-03T12:31:34-03:00,0,10
src\lib\Project.svelte,14,svelte,c1ed3507,Alessandra,2025-04-03,12:31:34,-03:00,2025-04-03T12:31:34-03:00,0,3
src\lib\Project.svelte,15,svelte,c1ed3507,Alessandra,2025-04-03,12:31:34,-03:00,2025-04-03T12:31:34-03:00,0,9
src\lib\Project.svelte,16,svelte,c1ed3507,Alessandra,2025-04-03,12:31:34,-03:00,2025-04-03T12:31:34-03:00,0,0
src\lib\Project.svelte,17,svelte,c1ed3507,Alessandra,2025-04-03,12:31:34,-03:00,2025-04-03T12:31:34-03:00,0,6
src\lib\Project.svelte,18,css,c1ed3507,Alessandra,2025-04-03,12:31:34,-03:00,2025-04-03T12:31:34-03:00,0,7
src\lib\Project.svelte,19,css,c1ed3507,Alessandra,2025-04-03,12:31:34,-03:00,2025-04-03T12:31:34-03:00,1,13
src\lib\Project.svelte,20,css,c1ed3507,Alessandra,2025-04-03,12:31:34,-03:00,2025-04-03T12:31:34-03:00,1,13
src\lib\Project.svelte,21,css,c1ed3507,Alessandra,2025-04-03,12:31:34,-03:00,2025-04-03T12:31:34-03:00,1,27
src\lib\Project.svelte,22,css,c1ed3507,Alessandra,2025-04-03,12:31:34,-03:00,2025-04-03T12:31:34-03:00,1,16
src\lib\Project.svelte,23,css,c1ed3507,Alessandra,2025-04-03,12:31:34,-03:00,2025-04-03T12:31:34-03:00,0,0
src\lib\Project.svelte,24,css,c1ed3507,Alessandra,2025-04-03,12:31:34,-03:00,2025-04-03T12:31:34-03:00,0,0
src\lib\Project.svelte,25,css,c1ed3507,Alessandra,2025-04-03,12:31:34,-03:00,2025-04-03T12:31:34-03:00,0,10
src\lib\Project.svelte,26,css,c1ed3507,Alessandra,2025-04-03,12:31:34,-03:00,2025-04-03T12:31:34-03:00,0,9
src\lib\Project.svelte,27,css,c1ed3507,Alessandra,2025-04-03,12:31:34,-03:00,2025-04-03T12:31:34-03:00,0,0
src\lib\Project.svelte,28,css,c1ed3507,Alessandra,2025-04-03,12:31:34,-03:00,2025-04-03T12:31:34-03:00,0,4
src\lib\Project.svelte,29,css,c1ed3507,Alessandra,2025-04-03,12:31:34,-03:00,2025-04-03T12:31:34-03:00,0,12
src\lib\Project.svelte,30,css,c1ed3507,Alessandra,2025-04-03,12:31:34,-03:00,2025-04-03T12:31:34-03:00,0,0
src\lib\Project.svelte,31,svelte,c1ed3507,Alessandra,2025-04-03,12:31:34,-03:00,2025-04-03T12:31:34-03:00,0,7
src\lib\Pie.svelte,1,svelte,c1ed3507,Alessandra,2025-04-03,12:31:34,-03:00,2025-04-03T12:31:34-03:00,0,7
src\lib\Pie.svelte,2,js,c1ed3507,Alessandra,2025-04-03,12:31:34,-03:00,2025-04-03T12:31:34-03:00,0,24
src\lib\Pie.svelte,3,js,c1ed3507,Alessandra,2025-04-03,12:31:34,-03:00,2025-04-03T12:31:34-03:00,0,0
src\lib\Pie.svelte,4,js,c1ed3507,Alessandra,2025-04-03,12:31:34,-03:00,2025-04-03T12:31:34-03:00,0,58
src\lib\Pie.svelte,5,js,c1ed3507,Alessandra,2025-04-03,12:31:34,-03:00,2025-04-03T12:31:34-03:00,0,0
src\lib\Pie.svelte,6,js,c1ed3507,Alessandra,2025-04-03,12:31:34,-03:00,2025-04-03T12:31:34-03:00,0,23
src\lib\Pie.svelte,7,js,c1ed3507,Alessandra,2025-04-03,12:31:34,-03:00,2025-04-03T12:31:34-03:00,0,13
src\lib\Pie.svelte,8,js,c1ed3507,Alessandra,2025-04-03,12:31:34,-03:00,2025-04-03T12:31:34-03:00,0,20
src\lib\Pie.svelte,9,js,c1ed3507,Alessandra,2025-04-03,12:31:34,-03:00,2025-04-03T12:31:34-03:00,0,2
src\lib\Pie.svelte,10,js,c1ed3507,Alessandra,2025-04-03,12:31:34,-03:00,2025-04-03T12:31:34-03:00,0,0
src\lib\Pie.svelte,11,js,c1ed3507,Alessandra,2025-04-03,12:31:34,-03:00,2025-04-03T12:31:34-03:00,0,20
src\lib\Pie.svelte,12,js,c1ed3507,Alessandra,2025-04-03,12:31:34,-03:00,2025-04-03T12:31:34-03:00,0,49
src\lib\Pie.svelte,13,js,c1ed3507,Alessandra,2025-04-03,12:31:34,-03:00,2025-04-03T12:31:34-03:00,0,11
src\lib\Pie.svelte,14,js,c1ed3507,Alessandra,2025-04-03,12:31:34,-03:00,2025-04-03T12:31:34-03:00,0,8
src\lib\Pie.svelte,15,js,c1ed3507,Alessandra,2025-04-03,12:31:34,-03:00,2025-04-03T12:31:34-03:00,0,0
src\lib\Pie.svelte,16,js,c1ed3507,Alessandra,2025-04-03,12:31:34,-03:00,2025-04-03T12:31:34-03:00,0,3
src\lib\Pie.svelte,17,js,c1ed3507,Alessandra,2025-04-03,12:31:34,-03:00,2025-04-03T12:31:34-03:00,0,103
src\lib\Pie.svelte,18,js,c1ed3507,Alessandra,2025-04-03,12:31:34,-03:00,2025-04-03T12:31:34-03:00,0,30
src\lib\Pie.svelte,19,js,c1ed3507,Alessandra,2025-04-03,12:31:34,-03:00,2025-04-03T12:31:34-03:00,0,40
src\lib\Pie.svelte,20,js,c1ed3507,Alessandra,2025-04-03,12:31:34,-03:00,2025-04-03T12:31:34-03:00,0,0
src\lib\Pie.svelte,21,js,c1ed3507,Alessandra,2025-04-03,12:31:34,-03:00,2025-04-03T12:31:34-03:00,0,48
src\lib\Pie.svelte,22,js,15404d51,Alessandra,2025-04-03,13:00:19,-03:00,2025-04-03T13:00:19-03:00,0,29
src\lib\Pie.svelte,23,svelte,c1ed3507,Alessandra,2025-04-03,12:31:34,-03:00,2025-04-03T12:31:34-03:00,0,8
src\lib\Pie.svelte,24,svelte,c1ed3507,Alessandra,2025-04-03,12:31:34,-03:00,2025-04-03T12:31:34-03:00,0,0
src\lib\Pie.svelte,25,svelte,c1ed3507,Alessandra,2025-04-03,12:31:34,-03:00,2025-04-03T12:31:34-03:00,0,22
src\lib\Pie.svelte,26,svelte,c1ed3507,Alessandra,2025-04-03,12:31:34,-03:00,2025-04-03T12:31:34-03:00,0,0
src\lib\Pie.svelte,27,svelte,c1ed3507,Alessandra,2025-04-03,12:31:34,-03:00,2025-04-03T12:31:34-03:00,0,30
src\lib\Pie.svelte,28,svelte,c1ed3507,Alessandra,2025-04-03,12:31:34,-03:00,2025-04-03T12:31:34-03:00,0,25
src\lib\Pie.svelte,29,svelte,15404d51,Alessandra,2025-04-03,13:00:19,-03:00,2025-04-03T13:00:19-03:00,0,33
src\lib\Pie.svelte,30,svelte,15404d51,Alessandra,2025-04-03,13:00:19,-03:00,2025-04-03T13:00:19-03:00,0,39
src\lib\Pie.svelte,31,svelte,15404d51,Alessandra,2025-04-03,13:00:19,-03:00,2025-04-03T13:00:19-03:00,0,69
src\lib\Pie.svelte,32,svelte,c1ed3507,Alessandra,2025-04-03,12:31:34,-03:00,2025-04-03T12:31:34-03:00,0,6
src\lib\Pie.svelte,33,svelte,c1ed3507,Alessandra,2025-04-03,12:31:34,-03:00,2025-04-03T12:31:34-03:00,0,0
src\lib\Pie.svelte,34,svelte,c1ed3507,Alessandra,2025-04-03,12:31:34,-03:00,2025-04-03T12:31:34-03:00,0,5
src\lib\Pie.svelte,35,svelte,c1ed3507,Alessandra,2025-04-03,12:31:34,-03:00,2025-04-03T12:31:34-03:00,0,18
src\lib\Pie.svelte,36,svelte,c1ed3507,Alessandra,2025-04-03,12:31:34,-03:00,2025-04-03T12:31:34-03:00,0,23
src\lib\Pie.svelte,37,svelte,c1ed3507,Alessandra,2025-04-03,12:31:34,-03:00,2025-04-03T12:31:34-03:00,0,38
src\lib\Pie.svelte,38,svelte,c1ed3507,Alessandra,2025-04-03,12:31:34,-03:00,2025-04-03T12:31:34-03:00,0,27
src\lib\Pie.svelte,39,svelte,c1ed3507,Alessandra,2025-04-03,12:31:34,-03:00,2025-04-03T12:31:34-03:00,0,29
src\lib\Pie.svelte,40,svelte,c1ed3507,Alessandra,2025-04-03,12:31:34,-03:00,2025-04-03T12:31:34-03:00,0,4
src\lib\Pie.svelte,41,svelte,c1ed3507,Alessandra,2025-04-03,12:31:34,-03:00,2025-04-03T12:31:34-03:00,0,6
src\lib\Pie.svelte,42,svelte,c1ed3507,Alessandra,2025-04-03,12:31:34,-03:00,2025-04-03T12:31:34-03:00,0,4
src\lib\Pie.svelte,43,svelte,c1ed3507,Alessandra,2025-04-03,12:31:34,-03:00,2025-04-03T12:31:34-03:00,0,5
src\lib\Pie.svelte,44,svelte,c1ed3507,Alessandra,2025-04-03,12:31:34,-03:00,2025-04-03T12:31:34-03:00,0,0
src\lib\Pie.svelte,45,svelte,c1ed3507,Alessandra,2025-04-03,12:31:34,-03:00,2025-04-03T12:31:34-03:00,0,6
src\lib\Pie.svelte,46,css,c1ed3507,Alessandra,2025-04-03,12:31:34,-03:00,2025-04-03T12:31:34-03:00,0,4
src\lib\Pie.svelte,47,css,c1ed3507,Alessandra,2025-04-03,12:31:34,-03:00,2025-04-03T12:31:34-03:00,1,15
src\lib\Pie.svelte,48,css,c1ed3507,Alessandra,2025-04-03,12:31:34,-03:00,2025-04-03T12:31:34-03:00,1,17
src\lib\Pie.svelte,49,css,c1ed3507,Alessandra,2025-04-03,12:31:34,-03:00,2025-04-03T12:31:34-03:00,0,0
src\lib\Pie.svelte,50,css,c1ed3507,Alessandra,2025-04-03,12:31:34,-03:00,2025-04-03T12:31:34-03:00,0,43
src\lib\Pie.svelte,51,css,c1ed3507,Alessandra,2025-04-03,12:31:34,-03:00,2025-04-03T12:31:34-03:00,0,17
src\lib\Pie.svelte,52,css,c1ed3507,Alessandra,2025-04-03,12:31:34,-03:00,2025-04-03T12:31:34-03:00,0,0
src\lib\Pie.svelte,53,css,c1ed3507,Alessandra,2025-04-03,12:31:34,-03:00,2025-04-03T12:31:34-03:00,0,0
src\lib\Pie.svelte,54,css,15404d51,Alessandra,2025-04-03,13:00:19,-03:00,2025-04-03T13:00:19-03:00,0,39
src\lib\Pie.svelte,55,css,15404d51,Alessandra,2025-04-03,13:00:19,-03:00,2025-04-03T13:00:19-03:00,0,12
src\lib\Pie.svelte,56,css,c1ed3507,Alessandra,2025-04-03,12:31:34,-03:00,2025-04-03T12:31:34-03:00,0,0
src\lib\Pie.svelte,57,css,c1ed3507,Alessandra,2025-04-03,12:31:34,-03:00,2025-04-03T12:31:34-03:00,0,0
src\lib\Pie.svelte,58,css,c1ed3507,Alessandra,2025-04-03,12:31:34,-03:00,2025-04-03T12:31:34-03:00,0,5
src\lib\Pie.svelte,59,css,c1ed3507,Alessandra,2025-04-03,12:31:34,-03:00,2025-04-03T12:31:34-03:00,1,17
src\lib\Pie.svelte,60,css,c1ed3507,Alessandra,2025-04-03,12:31:34,-03:00,2025-04-03T12:31:34-03:00,0,0
src\lib\Pie.svelte,61,css,c1ed3507,Alessandra,2025-04-03,12:31:34,-03:00,2025-04-03T12:31:34-03:00,0,0
src\lib\Pie.svelte,62,css,c1ed3507,Alessandra,2025-04-03,12:31:34,-03:00,2025-04-03T12:31:34-03:00,0,10
src\lib\Pie.svelte,63,css,c1ed3507,Alessandra,2025-04-03,12:31:34,-03:00,2025-04-03T12:31:34-03:00,0,13
src\lib\Pie.svelte,64,css,c1ed3507,Alessandra,2025-04-03,12:31:34,-03:00,2025-04-03T12:31:34-03:00,0,19
src\lib\Pie.svelte,65,css,c1ed3507,Alessandra,2025-04-03,12:31:34,-03:00,2025-04-03T12:31:34-03:00,0,10
src\lib\Pie.svelte,66,css,c1ed3507,Alessandra,2025-04-03,12:31:34,-03:00,2025-04-03T12:31:34-03:00,0,0
src\lib\Pie.svelte,67,css,c1ed3507,Alessandra,2025-04-03,12:31:34,-03:00,2025-04-03T12:31:34-03:00,0,0
src\lib\Pie.svelte,68,css,c1ed3507,Alessandra,2025-04-03,12:31:34,-03:00,2025-04-03T12:31:34-03:00,0,7
src\lib\Pie.svelte,69,css,c1ed3507,Alessandra,2025-04-03,12:31:34,-03:00,2025-04-03T12:31:34-03:00,0,13
src\lib\Pie.svelte,70,css,c1ed3507,Alessandra,2025-04-03,12:31:34,-03:00,2025-04-03T12:31:34-03:00,0,58
src\lib\Pie.svelte,71,css,c1ed3507,Alessandra,2025-04-03,12:31:34,-03:00,2025-04-03T12:31:34-03:00,0,23
src\lib\Pie.svelte,72,css,c1ed3507,Alessandra,2025-04-03,12:31:34,-03:00,2025-04-03T12:31:34-03:00,0,12
src\lib\Pie.svelte,73,css,c1ed3507,Alessandra,2025-04-03,12:31:34,-03:00,2025-04-03T12:31:34-03:00,0,11
src\lib\Pie.svelte,74,css,c1ed3507,Alessandra,2025-04-03,12:31:34,-03:00,2025-04-03T12:31:34-03:00,0,7
src\lib\Pie.svelte,75,css,c1ed3507,Alessandra,2025-04-03,12:31:34,-03:00,2025-04-03T12:31:34-03:00,0,0
src\lib\Pie.svelte,76,css,c1ed3507,Alessandra,2025-04-03,12:31:34,-03:00,2025-04-03T12:31:34-03:00,0,0
src\lib\Pie.svelte,77,css,c1ed3507,Alessandra,2025-04-03,12:31:34,-03:00,2025-04-03T12:31:34-03:00,0,10
src\lib\Pie.svelte,78,css,c1ed3507,Alessandra,2025-04-03,12:31:34,-03:00,2025-04-03T12:31:34-03:00,0,12
src\lib\Pie.svelte,79,css,c1ed3507,Alessandra,2025-04-03,12:31:34,-03:00,2025-04-03T12:31:34-03:00,0,19
src\lib\Pie.svelte,80,css,c1ed3507,Alessandra,2025-04-03,12:31:34,-03:00,2025-04-03T12:31:34-03:00,0,10
src\lib\Pie.svelte,81,css,c1ed3507,Alessandra,2025-04-03,12:31:34,-03:00,2025-04-03T12:31:34-03:00,0,0
src\lib\Pie.svelte,82,css,c1ed3507,Alessandra,2025-04-03,12:31:34,-03:00,2025-04-03T12:31:34-03:00,0,0
src\lib\Pie.svelte,83,css,c1ed3507,Alessandra,2025-04-03,12:31:34,-03:00,2025-04-03T12:31:34-03:00,0,7
src\lib\Pie.svelte,84,css,c1ed3507,Alessandra,2025-04-03,12:31:34,-03:00,2025-04-03T12:31:34-03:00,0,21
src\lib\Pie.svelte,85,css,c1ed3507,Alessandra,2025-04-03,12:31:34,-03:00,2025-04-03T12:31:34-03:00,0,30
src\lib\Pie.svelte,86,css,c1ed3507,Alessandra,2025-04-03,12:31:34,-03:00,2025-04-03T12:31:34-03:00,0,10
src\lib\Pie.svelte,87,css,c1ed3507,Alessandra,2025-04-03,12:31:34,-03:00,2025-04-03T12:31:34-03:00,0,11
src\lib\Pie.svelte,88,css,c1ed3507,Alessandra,2025-04-03,12:31:34,-03:00,2025-04-03T12:31:34-03:00,0,0
src\lib\Pie.svelte,89,css,c1ed3507,Alessandra,2025-04-03,12:31:34,-03:00,2025-04-03T12:31:34-03:00,0,0
src\lib\Pie.svelte,90,css,c1ed3507,Alessandra,2025-04-03,12:31:34,-03:00,2025-04-03T12:31:34-03:00,0,69
src\lib\Pie.svelte,91,css,c1ed3507,Alessandra,2025-04-03,12:31:34,-03:00,2025-04-03T12:31:34-03:00,0,39
src\lib\Pie.svelte,92,css,c1ed3507,Alessandra,2025-04-03,12:31:34,-03:00,2025-04-03T12:31:34-03:00,0,12
src\lib\Pie.svelte,93,css,c1ed3507,Alessandra,2025-04-03,12:31:34,-03:00,2025-04-03T12:31:34-03:00,0,0
src\lib\Pie.svelte,94,css,c1ed3507,Alessandra,2025-04-03,12:31:34,-03:00,2025-04-03T12:31:34-03:00,0,0
src\lib\Pie.svelte,95,css,c1ed3507,Alessandra,2025-04-03,12:31:34,-03:00,2025-04-03T12:31:34-03:00,0,10
src\lib\Pie.svelte,96,css,15404d51,Alessandra,2025-04-03,13:00:19,-03:00,2025-04-03T13:00:19-03:00,0,36
src\lib\Pie.svelte,97,css,15404d51,Alessandra,2025-04-03,13:00:19,-03:00,2025-04-03T13:00:19-03:00,0,0
src\lib\Pie.svelte,98,css,15404d51,Alessandra,2025-04-03,13:00:19,-03:00,2025-04-03T13:00:19-03:00,0,11
src\lib\Pie.svelte,99,css,15404d51,Alessandra,2025-04-03,13:00:19,-03:00,2025-04-03T13:00:19-03:00,0,29
src\lib\Pie.svelte,100,css,15404d51,Alessandra,2025-04-03,13:00:19,-03:00,2025-04-03T13:00:19-03:00,0,0
src\lib\Pie.svelte,101,css,15404d51,Alessandra,2025-04-03,13:00:19,-03:00,2025-04-03T13:00:19-03:00,0,0
src\lib\Pie.svelte,102,css,15404d51,Alessandra,2025-04-03,13:00:19,-03:00,2025-04-03T13:00:19-03:00,0,9
src\lib\Pie.svelte,103,css,15404d51,Alessandra,2025-04-03,13:00:19,-03:00,2025-04-03T13:00:19-03:00,0,19
src\lib\Pie.svelte,104,css,15404d51,Alessandra,2025-04-03,13:00:19,-03:00,2025-04-03T13:00:19-03:00,0,0
src\lib\Pie.svelte,105,css,c1ed3507,Alessandra,2025-04-03,12:31:34,-03:00,2025-04-03T12:31:34-03:00,0,0
src\lib\Pie.svelte,106,css,c1ed3507,Alessandra,2025-04-03,12:31:34,-03:00,2025-04-03T12:31:34-03:00,0,0
src\lib\Pie.svelte,107,css,c1ed3507,Alessandra,2025-04-03,12:31:34,-03:00,2025-04-03T12:31:34-03:00,0,36
src\lib\Pie.svelte,108,css,15404d51,Alessandra,2025-04-03,13:00:19,-03:00,2025-04-03T13:00:19-03:00,0,11
src\lib\Pie.svelte,109,css,c1ed3507,Alessandra,2025-04-03,12:31:34,-03:00,2025-04-03T12:31:34-03:00,0,0
src\lib\Pie.svelte,110,css,c1ed3507,Alessandra,2025-04-03,12:31:34,-03:00,2025-04-03T12:31:34-03:00,0,0
src\lib\Pie.svelte,111,css,c1ed3507,Alessandra,2025-04-03,12:31:34,-03:00,2025-04-03T12:31:34-03:00,0,11
src\lib\Pie.svelte,112,css,15404d51,Alessandra,2025-04-03,13:00:19,-03:00,2025-04-03T13:00:19-03:00,0,24
src\lib\Pie.svelte,113,css,15404d51,Alessandra,2025-04-03,13:00:19,-03:00,2025-04-03T13:00:19-03:00,0,0
src\lib\Pie.svelte,114,css,15404d51,Alessandra,2025-04-03,13:00:19,-03:00,2025-04-03T13:00:19-03:00,0,0
src\lib\Pie.svelte,115,css,15404d51,Alessandra,2025-04-03,13:00:19,-03:00,2025-04-03T13:00:19-03:00,0,5
src\lib\Pie.svelte,116,css,15404d51,Alessandra,2025-04-03,13:00:19,-03:00,2025-04-03T13:00:19-03:00,0,8
src\lib\Pie.svelte,117,css,15404d51,Alessandra,2025-04-03,13:00:19,-03:00,2025-04-03T13:00:19-03:00,0,15
src\lib\Pie.svelte,118,css,c1ed3507,Alessandra,2025-04-03,12:31:34,-03:00,2025-04-03T12:31:34-03:00,0,0
src\lib\Pie.svelte,119,css,c1ed3507,Alessandra,2025-04-03,12:31:34,-03:00,2025-04-03T12:31:34-03:00,0,0
src\lib\Pie.svelte,120,svelte,c1ed3507,Alessandra,2025-04-03,12:31:34,-03:00,2025-04-03T12:31:34-03:00,0,7
